shoppingname,oldprice,price,store,time,sort,subhead,remark
博朗吹风机,299,259,0,2018/12/14,吹风机,小型吹风机,最便宜的吹风机
便携式吹风机,499,459,4,2018/12/15,吹风机,中型吹风机,不太贵的吹风机
触促控吹风机,599,549,0,2018/12/16,吹风机,大型吹风机,贵的吹风机
护发吹风机,129,109,8,2018/12/17,吹风机,能护发的吹风机,程序猿专用
维生素C,39,29,2,2018/12/18,保健品,吃了也没用,骗人的鬼东西
维生素E,39,35,283,2018/12/19,保健品,吃了也没用,骗人的鬼东西
美瞳隐形眼镜,299,199,10,2018/12/20,隐形眼睛,让你变得美丽,我信你个鬼
蛋白粉,398,368,461,2018/12/21,保健品,你值得拥有,吃了也不会长肌肉的
红葡萄干,20,18,276,2018/12/22,零食,好吃到爆,红葡萄干，你值得拥有
肉类组合,119,11100,0,2018/12/23,零食,都是辣条,"一包提神醒脑,两包永不疲劳，三包长生不老"
博朗吹风机,299,259,0,2018/12/14,吹风机,小型吹风机,最便宜的吹风机
便携式吹风机,599,559,4,2018/12/15,吹风机,中型吹风机,不太贵的吹风机
触促控吹风机,599,549,0,2018/12/16,吹风机,大型吹风机,贵的吹风机
护发吹风机,129,109,8,2018/12/17,吹风机,能护发的吹风机,程序猿专用
维生素C,39,29,2,2018/12/18,保健品,吃了也没用,骗人的鬼东西
维生素E,39,35,283,2018/12/19,保健品,吃了也没用,骗人的鬼东西
美瞳隐形眼镜,299,199,10,2018/12/20,隐形眼睛,让你变得美丽,我信你个鬼
蛋白粉,398,368,461,2018/12/21,保健品,你值得拥有,吃了也不会长肌肉的
红葡萄干,20,18,276,2018/12/22,零食,好吃到爆,红葡萄干，你值得拥有
肉类组合,119,11100,0,2018/12/23,零食,都是辣条,"一包提神醒脑,两包永不疲劳，三包长生不老"
博朗吹风机,299,259,0,2018/12/14,吹风机,小型吹风机,最便宜的吹风机
便携式吹风机,599,559,4,2018/12/15,吹风机,中型吹风机,不太贵的吹风机
触促控吹风机,599,549,0,2018/12/16,吹风机,大型吹风机,贵的吹风机
护发吹风机,129,109,8,2018/12/17,吹风机,能护发的吹风机,程序猿专用
维生素C,39,29,2,2018/12/18,保健品,吃了也没用,骗人的鬼东西
维生素E,39,35,283,2018/12/19,保健品,吃了也没用,骗人的鬼东西
美瞳隐形眼镜,299,199,10,2018/12/20,隐形眼睛,让你变得美丽,我信你个鬼
蛋白粉,398,368,461,2018/12/21,保健品,你值得拥有,吃了也不会长肌肉的
红葡萄干,20,18,276,2018/12/22,零食,好吃到爆,红葡萄干，你值得拥有
肉类组合,119,11100,0,2018/12/23,零食,都是辣条,"一包提神醒脑,两包永不疲劳，三包长生不老"
博朗吹风机,299,259,0,2018/12/14,吹风机,小型吹风机,最便宜的吹风机
便携式吹风机,599,559,4,2018/12/15,吹风机,中型吹风机,不太贵的吹风机
触促控吹风机,599,549,0,2018/12/16,吹风机,大型吹风机,贵的吹风机
护发吹风机,129,109,8,2018/12/17,吹风机,能护发的吹风机,程序猿专用
维生素C,39,29,2,2018/12/18,保健品,吃了也没用,骗人的鬼东西
维生素E,39,35,283,2018/12/19,保健品,吃了也没用,骗人的鬼东西
美瞳隐形眼镜,299,199,10,2018/12/20,隐形眼睛,让你变得美丽,我信你个鬼
蛋白粉,398,368,461,2018/12/21,保健品,你值得拥有,吃了也不会长肌肉的
红葡萄干,20,18,276,2018/12/22,零食,好吃到爆,红葡萄干，你值得拥有
肉类组合,119,11100,0,2018/12/23,零食,都是辣条,"一包提神醒脑,两包永不疲劳，三包长生不老"
博朗吹风机,299,259,0,2018/12/14,吹风机,小型吹风机,最便宜的吹风机
便携式吹风机,599,559,4,2018/12/15,吹风机,中型吹风机,不太贵的吹风机
触促控吹风机,599,549,0,2018/12/16,吹风机,大型吹风机,贵的吹风机
护发吹风机,129,109,8,2018/12/17,吹风机,能护发的吹风机,程序猿专用
维生素C,39,29,2,2018/12/18,保健品,吃了也没用,骗人的鬼东西
维生素E,39,35,283,2018/12/19,保健品,吃了也没用,骗人的鬼东西
美瞳隐形眼镜,299,199,10,2018/12/20,隐形眼睛,让你变得美丽,我信你个鬼
蛋白粉,398,368,461,2018/12/21,保健品,你值得拥有,吃了也不会长肌肉的
红葡萄干,20,18,276,2018/12/22,零食,好吃到爆,红葡萄干，你值得拥有
肉类组合,119,11100,0,2018/12/23,零食,都是辣条,"一包提神醒脑,两包永不疲劳，三包长生不老"
博朗吹风机,299,259,0,2018/12/14,吹风机,小型吹风机,最便宜的吹风机
便携式吹风机,599,559,4,2018/12/15,吹风机,中型吹风机,不太贵的吹风机
触促控吹风机,599,549,0,2018/12/16,吹风机,大型吹风机,贵的吹风机
护发吹风机,129,109,8,2018/12/17,吹风机,能护发的吹风机,程序猿专用
维生素C,39,29,2,2018/12/18,保健品,吃了也没用,骗人的鬼东西
维生素E,39,35,283,2018/12/19,保健品,吃了也没用,骗人的鬼东西
美瞳隐形眼镜,299,199,10,2018/12/20,隐形眼睛,让你变得美丽,我信你个鬼
蛋白粉,398,368,461,2018/12/21,保健品,你值得拥有,吃了也不会长肌肉的
红葡萄干,20,18,276,2018/12/22,零食,好吃到爆,红葡萄干，你值得拥有
肉类组合,119,11100,0,2018/12/23,零食,都是辣条,"一包提神醒脑,两包永不疲劳，三包长生不老"
